{"MCTS-100-S-mean": 0.6632889403590041, "MCTS-100-mean": 0.33671105964099596, "MCTS-100-S": [0.5796178343949044, 0.643312101910828, 0.9044585987261147, 0.49044585987261147, 0.3630573248407643, 0.8535031847133758, 0.3375796178343949, 0.8089171974522293, 1.0, 1.0, 0.554140127388535, 0.6496815286624203, 0.5414012738853503, 0.3503184713375796, 0.3184713375796178, 0.89171974522293, 0.8471337579617835, 0.9872611464968153, 0.554140127388535, 0.5414012738853503, 0.7898089171974523, 0.5859872611464968], "MCTS-100": [0.42038216560509556, 0.35668789808917195, 0.09554140127388536, 0.5095541401273885, 0.6369426751592356, 0.1464968152866242, 0.6624203821656051, 0.1910828025477707, 0.0, 0.0, 0.445859872611465, 0.3503184713375796, 0.4585987261146497, 0.6496815286624203, 0.6815286624203821, 0.10828025477707007, 0.15286624203821655, 0.012738853503184714, 0.445859872611465, 0.4585987261146497, 0.21019108280254778, 0.4140127388535032]}