{"Policy-S-mean": 0.47334438530669226, "MCTS-100-mean": 0.5266556146933077, "Policy-S": [0.15286624203821655, 0.2229299363057325, 0.2356687898089172, 0.40764331210191085, 0.47770700636942676, 0.5923566878980892, 0.18471337579617833, 0.2484076433121019, 0.3821656050955414, 0.8089171974522293, 0.7388535031847133, 0.1464968152866242, 0.12101910828025478, 0.6178343949044586, 0.7834394904458599, 0.5668789808917197, 0.6624203821656051, 0.0, 0.8853503184713376, 0.45222929936305734, 0.0, 0.9171974522292994, 0.18471337579617833, 0.5031847133757962, 0.3885350318471338, 0.7961783439490446, 0.5095541401273885, 0.8980891719745223, 0.6305732484076433, 0.7643312101910829, 0.5859872611464968, 0.5095541401273885, 0.45222929936305734, 0.4585987261146497, 0.3375796178343949, 0.267515923566879, 0.08280254777070063, 0.8980891719745223, 0.29936305732484075, 0.5286624203821656, 0.5859872611464968, 0.3248407643312102, 0.24203821656050956, 0.8407643312101911, 0.7006369426751592, 0.28662420382165604, 1.0, 0.3503184713375796, 0.07006369426751592, 0.42038216560509556, 0.36942675159235666, 0.0, 0.3248407643312102, 0.6815286624203821, 0.2802547770700637, 0.8089171974522293, 0.15286624203821655, 0.5031847133757962, 0.47770700636942676, 0.08280254777070063, 0.7197452229299363, 0.554140127388535, 0.5222929936305732, 1.0, 0.7834394904458599, 0.5222929936305732, 0.6178343949044586, 0.8407643312101911, 0.29936305732484075, 0.4585987261146497, 0.37579617834394907, 0.4140127388535032, 0.24203821656050956], "MCTS-100": [0.8471337579617835, 0.7770700636942676, 0.7643312101910829, 0.5923566878980892, 0.5222929936305732, 0.40764331210191085, 0.8152866242038217, 0.7515923566878981, 0.6178343949044586, 0.1910828025477707, 0.2611464968152866, 0.8535031847133758, 0.8789808917197452, 0.3821656050955414, 0.21656050955414013, 0.43312101910828027, 0.3375796178343949, 1.0, 0.11464968152866242, 0.5477707006369427, 1.0, 0.08280254777070063, 0.8152866242038217, 0.4968152866242038, 0.6114649681528662, 0.20382165605095542, 0.49044585987261147, 0.10191082802547771, 0.36942675159235666, 0.2356687898089172, 0.4140127388535032, 0.49044585987261147, 0.5477707006369427, 0.5414012738853503, 0.6624203821656051, 0.732484076433121, 0.9171974522292994, 0.10191082802547771, 0.7006369426751592, 0.4713375796178344, 0.4140127388535032, 0.6751592356687898, 0.7579617834394905, 0.1592356687898089, 0.29936305732484075, 0.7133757961783439, 0.0, 0.6496815286624203, 0.9299363057324841, 0.5796178343949044, 0.6305732484076433, 1.0, 0.6751592356687898, 0.3184713375796178, 0.7197452229299363, 0.1910828025477707, 0.8471337579617835, 0.4968152866242038, 0.5222929936305732, 0.9171974522292994, 0.2802547770700637, 0.445859872611465, 0.47770700636942676, 0.0, 0.21656050955414013, 0.47770700636942676, 0.3821656050955414, 0.1592356687898089, 0.7006369426751592, 0.5414012738853503, 0.6242038216560509, 0.5859872611464968, 0.7579617834394905]}